<?xml version="1.0" encoding="UTF-8"?>
<!DOCTYPE mapper
  PUBLIC "-//mybatis.org//DTD Mapper 3.0//EN"
  "http://mybatis.org/dtd/mybatis-3-mapper.dtd">
<mapper namespace="com.howmuch.mapper.ValueMapper">
	<select id="getData" resultType="com.howmuch.domain.ValueVO">
      select * from hm_value
   </select>
	<insert id="register">
		insert into hm_value(bno, mno, rater, price) 
		values (#{bno}, #{mno}, #{rater}, #{price})
	
	</insert>
	<select id="getList" resultType="com.howmuch.domain.ValueVO">
       select * from hm_value
   </select>
   
	<select id="log" resultType="com.howmuch.domain.LogVO">
		select rater, price, vdate from hm_value where bno=#{bno} order by vdate desc limit 8
	</select>
	
	<select id="cal" resultType="com.howmuch.domain.CalculatorVO">
		select min(price) as min, max(price) as max, avg(price) as avg from hm_value where bno=#{bno}
	</select>
	
</mapper>