<?xml version="1.0" encoding="UTF-8"?>
<!DOCTYPE mapper
  PUBLIC "-//mybatis.org//DTD Mapper 3.0//EN"
  "http://mybatis.org/dtd/mybatis-3-mapper.dtd">
<mapper namespace="com.howmuch.mapper.BoardMapper">
	<select id="getData" resultType="com.howmuch.domain.BoardVO">
		select * from hm_board
	</select>
	
	<select id="getList" resultType="com.howmuch.domain.BoardVO">
		select * from hm_board
	</select>
	
	<select id="hotList" resultType="com.howmuch.domain.BoardVO">
		select * from hm_board order by blike desc limit 3;
	</select>
	
	<update id="updateData">
		update hm_board set title=#{title}, content=#{content}, image=#{image}, tag=#{tag} where bno=#{bno}
	</update>
	
	<insert id="register">
		insert into hm_board(title, content, image, tag, suggestion, writer) values(#{title}, #{content}, #{image}, #{tag}, #{suggestion}, #{writer})
	</insert>
	
	<delete id="delete">
		delete from hm_board where bno = #{bno}
	</delete>
	
	<select id="selectSearchList" resultType="com.howmuch.domain.BoardVO">
	select * from hm_board
		<choose>
			<when test="param1 != null and param1 == 'title'">
				 where title like concat('%', #{param2}, '%')
			</when>
			<when test="param1 != null and param1 == 'writer'">
				 where writer like concat('%', #{param2}, '%')
			</when>
			<when test="param1 != null and param1 == 'tag'">
				 where tag like concat('%', #{param2}, '%')
			</when>
		</choose>
	</select>
	
	<update id="rcount" parameterType="int">
		update hm_board set rcount = rcount + 1 where bno = #{bno}
	</update>
</mapper>